date,ticker,sector,direct_sentiment,sector_sentiment,direct_count,sector_count
2025-12-15,COMI,Banks,0.0,0.3333333333333333,6,3
2025-12-15,ADIB,Banks,0.0,0.1111111111111111,0,9
2025-12-15,CIEB,Banks,0.0,0.1111111111111111,0,9
2025-12-15,QNBA,Banks,0.0,0.1111111111111111,0,9
2025-12-15,FAIT,Banks,-1.0,0.25,1,8
2025-12-15,TMGH,Real Estate,1.0,0.0,1,7
2025-12-15,EMFD,Real Estate,0.0,0.125,0,8
2025-12-15,PHDC,Real Estate,0.0,0.125,0,8
2025-12-15,MASR,Real Estate,0.0,0.2,3,5
2025-12-15,ORHD,Real Estate,0.0,0.125,0,8
2025-12-15,EGAL,Basic Resources,-0.5,0.0,6,0
2025-12-15,ABUK,Basic Resources,0.0,-0.5,0,6
2025-12-15,MFPC,Basic Resources,0.0,-0.5,0,6
2025-12-15,SIDPEC,Basic Resources,0.0,-0.5,0,6
2025-12-15,ESRS,Basic Resources,0.0,-0.5,0,6
2025-12-15,HRHO,Non-Bank Financials,0.0,0.0,0,0
2025-12-15,BTFH,Non-Bank Financials,0.0,0.0,0,0
2025-12-15,FWRY,Non-Bank Financials,0.0,0.0,0,0
2025-12-15,EFIH,Non-Bank Financials,0.0,0.0,0,0
2025-12-15,CIRA,Non-Bank Financials,0.0,0.0,0,0
2025-12-15,EAST,Consumer,-0.3333333333333333,0.3333333333333333,21,6
2025-12-15,JUFO,Consumer,0.0,-0.18518518518518517,0,27
2025-12-15,ORWE,Consumer,0.0,-0.18518518518518517,0,27
2025-12-15,AUTO,Consumer,0.0,-0.2631578947368421,8,19
2025-12-15,ETEL,Telecom,-0.047619047619047616,0.0,63,0
2025-12-16,COMI,Banks,0.16666666666666666,0.0,6,2
2025-12-16,ADIB,Banks,0.0,0.125,0,8
2025-12-16,CIEB,Banks,0.0,0.125,0,8
2025-12-16,QNBA,Banks,0.0,0.125,0,8
2025-12-16,FAIT,Banks,-1.0,0.5,2,6
2025-12-16,TMGH,Real Estate,0.0,1.0,0,2
2025-12-16,EMFD,Real Estate,0.0,1.0,0,2
2025-12-16,PHDC,Real Estate,0.0,1.0,0,2
2025-12-16,MASR,Real Estate,0.0,1.0,0,2
2025-12-16,ORHD,Real Estate,0.0,1.0,0,2
2025-12-16,EGAL,Basic Resources,-0.2857142857142857,0.0,7,0
2025-12-16,ABUK,Basic Resources,0.0,-0.2857142857142857,0,7
2025-12-16,MFPC,Basic Resources,0.0,-0.2857142857142857,0,7
2025-12-16,SIDPEC,Basic Resources,0.0,-0.2857142857142857,0,7
2025-12-16,ESRS,Basic Resources,0.0,-0.2857142857142857,0,7
2025-12-16,HRHO,Non-Bank Financials,0.0,0.0,0,0
2025-12-16,BTFH,Non-Bank Financials,0.0,0.0,0,0
2025-12-16,FWRY,Non-Bank Financials,0.0,0.0,0,0
2025-12-16,EFIH,Non-Bank Financials,0.0,0.0,0,0
2025-12-16,CIRA,Non-Bank Financials,0.0,0.0,0,0
2025-12-16,EAST,Consumer,-0.5,0.0,18,6
2025-12-16,JUFO,Consumer,0.0,-0.375,0,24
2025-12-16,ORWE,Consumer,0.0,-0.375,0,24
2025-12-16,AUTO,Consumer,0.0,-0.47368421052631576,5,19
2025-12-16,ETEL,Telecom,-0.15517241379310345,0.0,58,0
2025-12-13,COMI,Banks,-0.14285714285714285,1.0,7,1
2025-12-13,ADIB,Banks,0.0,0.0,0,8
2025-12-13,CIEB,Banks,0.0,0.0,0,8
2025-12-13,QNBA,Banks,0.0,0.0,0,8
2025-12-13,FAIT,Banks,0.0,0.0,0,8
2025-12-13,TMGH,Real Estate,0.0,-0.3333333333333333,0,3
2025-12-13,EMFD,Real Estate,0.0,-0.3333333333333333,0,3
2025-12-13,PHDC,Real Estate,0.0,-0.3333333333333333,0,3
2025-12-13,MASR,Real Estate,-0.3333333333333333,0.0,3,0
2025-12-13,ORHD,Real Estate,0.0,-0.3333333333333333,0,3
2025-12-13,EGAL,Basic Resources,0.0,0.0,2,0
2025-12-13,ABUK,Basic Resources,0.0,0.0,0,2
2025-12-13,MFPC,Basic Resources,0.0,0.0,0,2
2025-12-13,SIDPEC,Basic Resources,0.0,0.0,0,2
2025-12-13,ESRS,Basic Resources,0.0,0.0,0,2
2025-12-13,HRHO,Non-Bank Financials,0.0,0.0,0,0
2025-12-13,BTFH,Non-Bank Financials,0.0,0.0,0,0
2025-12-13,FWRY,Non-Bank Financials,0.0,0.0,0,0
2025-12-13,EFIH,Non-Bank Financials,0.0,0.0,0,0
2025-12-13,CIRA,Non-Bank Financials,0.0,0.0,0,0
2025-12-13,EAST,Consumer,0.0,0.0,8,2
2025-12-13,JUFO,Consumer,0.0,0.0,0,10
2025-12-13,ORWE,Consumer,-1.0,0.25,2,8
2025-12-13,AUTO,Consumer,-1.0,0.1111111111111111,1,9
2025-12-13,ETEL,Telecom,0.05,0.0,20,0
2025-12-07,COMI,Banks,0.0,1.0,4,1
2025-12-07,ADIB,Banks,0.0,0.2,0,5
2025-12-07,CIEB,Banks,0.0,0.2,0,5
2025-12-07,QNBA,Banks,0.0,0.2,0,5
2025-12-07,FAIT,Banks,0.0,0.2,0,5
2025-12-07,TMGH,Real Estate,0.0,0.0,0,0
2025-12-07,EMFD,Real Estate,0.0,0.0,0,0
2025-12-07,PHDC,Real Estate,0.0,0.0,0,0
2025-12-07,MASR,Real Estate,0.0,0.0,0,0
2025-12-07,ORHD,Real Estate,0.0,0.0,0,0
2025-12-07,EGAL,Basic Resources,-1.0,0.0,2,0
2025-12-07,ABUK,Basic Resources,0.0,-1.0,0,2
2025-12-07,MFPC,Basic Resources,0.0,-1.0,0,2
2025-12-07,SIDPEC,Basic Resources,0.0,-1.0,0,2
2025-12-07,ESRS,Basic Resources,0.0,-1.0,0,2
2025-12-07,HRHO,Non-Bank Financials,0.0,0.0,0,0
2025-12-07,BTFH,Non-Bank Financials,0.0,0.0,0,0
2025-12-07,FWRY,Non-Bank Financials,0.0,0.0,0,0
2025-12-07,EFIH,Non-Bank Financials,0.0,0.0,0,0
2025-12-07,CIRA,Non-Bank Financials,0.0,0.0,0,0
2025-12-07,EAST,Consumer,-0.25,0.0,8,4
2025-12-07,JUFO,Consumer,0.0,-0.16666666666666666,0,12
2025-12-07,ORWE,Consumer,0.0,-0.16666666666666666,0,12
2025-12-07,AUTO,Consumer,-0.3333333333333333,-0.1111111111111111,3,9
2025-12-07,ETEL,Telecom,0.07142857142857142,0.0,28,0
2025-12-24,COMI,Banks,-1.0,0.0,3,0
2025-12-24,ADIB,Banks,0.0,-1.0,0,3
2025-12-24,CIEB,Banks,0.0,-1.0,0,3
2025-12-24,QNBA,Banks,0.0,-1.0,0,3
2025-12-24,FAIT,Banks,0.0,-1.0,0,3
2025-12-24,TMGH,Real Estate,0.0,1.0,0,2
2025-12-24,EMFD,Real Estate,0.0,1.0,0,2
2025-12-24,PHDC,Real Estate,0.0,1.0,0,2
2025-12-24,MASR,Real Estate,1.0,1.0,1,1
2025-12-24,ORHD,Real Estate,0.0,1.0,0,2
2025-12-24,EGAL,Basic Resources,-0.75,0.0,4,0
2025-12-24,ABUK,Basic Resources,0.0,-0.75,0,4
2025-12-24,MFPC,Basic Resources,0.0,-0.75,0,4
2025-12-24,SIDPEC,Basic Resources,0.0,-0.75,0,4
2025-12-24,ESRS,Basic Resources,0.0,-0.75,0,4
2025-12-24,HRHO,Non-Bank Financials,0.0,0.0,0,0
2025-12-24,BTFH,Non-Bank Financials,0.0,0.0,0,0
2025-12-24,FWRY,Non-Bank Financials,0.0,0.0,0,0
2025-12-24,EFIH,Non-Bank Financials,0.0,0.0,0,0
2025-12-24,CIRA,Non-Bank Financials,0.0,0.0,0,0
2025-12-24,EAST,Consumer,-0.5714285714285714,0.0,7,0
2025-12-24,JUFO,Consumer,0.0,-0.5714285714285714,0,7
2025-12-24,ORWE,Consumer,0.0,-0.5714285714285714,0,7
2025-12-24,AUTO,Consumer,1.0,-0.8333333333333334,1,6
2025-12-24,ETEL,Telecom,-0.08,0.0,25,0
2025-12-11,COMI,Banks,-0.2,0.3333333333333333,20,3
2025-12-11,ADIB,Banks,0.0,-0.13043478260869565,0,23
2025-12-11,CIEB,Banks,0.0,-0.13043478260869565,0,23
2025-12-11,QNBA,Banks,0.0,-0.13043478260869565,0,23
2025-12-11,FAIT,Banks,-1.0,-0.09090909090909091,1,22
2025-12-11,TMGH,Real Estate,0.0,0.0,0,0
2025-12-11,EMFD,Real Estate,0.0,0.0,0,0
2025-12-11,PHDC,Real Estate,0.0,0.0,0,0
2025-12-11,MASR,Real Estate,0.0,0.0,0,0
2025-12-11,ORHD,Real Estate,0.0,0.0,0,0
2025-12-11,EGAL,Basic Resources,-0.14285714285714285,0.0,7,0
2025-12-11,ABUK,Basic Resources,0.0,-0.14285714285714285,0,7
2025-12-11,MFPC,Basic Resources,0.0,-0.14285714285714285,0,7
2025-12-11,SIDPEC,Basic Resources,0.0,-0.14285714285714285,0,7
2025-12-11,ESRS,Basic Resources,0.0,-0.14285714285714285,0,7
2025-12-11,HRHO,Non-Bank Financials,0.0,0.0,0,0
2025-12-11,BTFH,Non-Bank Financials,0.0,0.0,0,0
2025-12-11,FWRY,Non-Bank Financials,0.0,0.0,0,0
2025-12-11,EFIH,Non-Bank Financials,0.0,0.0,0,0
2025-12-11,CIRA,Non-Bank Financials,0.0,0.0,0,0
2025-12-11,EAST,Consumer,0.0,-0.6666666666666666,13,6
2025-12-11,JUFO,Consumer,0.0,-0.21052631578947367,0,19
2025-12-11,ORWE,Consumer,0.0,-0.21052631578947367,0,19
2025-12-11,AUTO,Consumer,-0.42857142857142855,-0.08333333333333333,7,12
2025-12-11,ETEL,Telecom,-0.06382978723404255,0.0,47,0
2025-12-02,COMI,Banks,0.3333333333333333,0.75,12,4
2025-12-02,ADIB,Banks,0.0,0.4375,0,16
2025-12-02,CIEB,Banks,0.0,0.4375,0,16
2025-12-02,QNBA,Banks,0.0,0.4375,0,16
2025-12-02,FAIT,Banks,0.5,0.42857142857142855,2,14
2025-12-02,TMGH,Real Estate,0.0,0.25,0,4
2025-12-02,EMFD,Real Estate,0.0,0.25,0,4
2025-12-02,PHDC,Real Estate,0.0,0.25,0,4
2025-12-02,MASR,Real Estate,0.25,0.0,4,0
2025-12-02,ORHD,Real Estate,0.0,0.25,0,4
2025-12-02,EGAL,Basic Resources,0.0,0.0,3,0
2025-12-02,ABUK,Basic Resources,0.0,0.0,0,3
2025-12-02,MFPC,Basic Resources,0.0,0.0,0,3
2025-12-02,SIDPEC,Basic Resources,0.0,0.0,0,3
2025-12-02,ESRS,Basic Resources,0.0,0.0,0,3
2025-12-02,HRHO,Non-Bank Financials,0.0,0.0,0,0
2025-12-02,BTFH,Non-Bank Financials,0.0,0.0,0,0
2025-12-02,FWRY,Non-Bank Financials,0.0,0.0,0,0
2025-12-02,EFIH,Non-Bank Financials,0.0,0.0,0,0
2025-12-02,CIRA,Non-Bank Financials,0.0,0.0,0,0
2025-12-02,EAST,Consumer,0.0,0.0,10,7
2025-12-02,JUFO,Consumer,0.0,0.0,0,17
2025-12-02,ORWE,Consumer,0.0,0.0,0,17
2025-12-02,AUTO,Consumer,0.5,-0.15384615384615385,4,13
2025-12-02,ETEL,Telecom,0.09433962264150944,0.0,53,0
2026-02-01,COMI,Banks,0.2,-0.3333333333333333,5,3
2026-02-01,ADIB,Banks,0.0,0.0,0,8
2026-02-01,CIEB,Banks,0.0,0.0,0,8
2026-02-01,QNBA,Banks,0.0,0.0,0,8
2026-02-01,FAIT,Banks,0.0,0.0,0,8
2026-02-01,TMGH,Real Estate,1.0,0.3,1,10
2026-02-01,EMFD,Real Estate,0.0,0.36363636363636365,0,11
2026-02-01,PHDC,Real Estate,0.0,0.36363636363636365,0,11
2026-02-01,MASR,Real Estate,0.8,0.0,5,6
2026-02-01,ORHD,Real Estate,0.0,0.36363636363636365,0,11
2026-02-01,EGAL,Basic Resources,-1.0,0.0,1,0
2026-02-01,ABUK,Basic Resources,0.0,-1.0,0,1
2026-02-01,MFPC,Basic Resources,0.0,-1.0,0,1
2026-02-01,SIDPEC,Basic Resources,0.0,-1.0,0,1
2026-02-01,ESRS,Basic Resources,0.0,-1.0,0,1
2026-02-01,HRHO,Non-Bank Financials,0.0,0.0,0,0
2026-02-01,BTFH,Non-Bank Financials,0.0,0.0,0,0
2026-02-01,FWRY,Non-Bank Financials,0.0,0.0,0,0
2026-02-01,EFIH,Non-Bank Financials,0.0,0.0,0,0
2026-02-01,CIRA,Non-Bank Financials,0.0,0.0,0,0
2026-02-01,EAST,Consumer,-0.06666666666666667,0.3333333333333333,15,3
2026-02-01,JUFO,Consumer,0.0,0.0,0,18
2026-02-01,ORWE,Consumer,0.0,0.0,0,18
2026-02-01,AUTO,Consumer,-1.0,0.125,2,16
2026-02-01,ETEL,Telecom,-0.029411764705882353,0.0,34,0
2025-12-26,COMI,Banks,0.42857142857142855,-0.5,7,2
2025-12-26,ADIB,Banks,0.0,0.2222222222222222,0,9
2025-12-26,CIEB,Banks,0.0,0.2222222222222222,0,9
2025-12-26,QNBA,Banks,0.0,0.2222222222222222,0,9
2025-12-26,FAIT,Banks,-0.6666666666666666,0.6666666666666666,3,6
2025-12-26,TMGH,Real Estate,0.0,0.0,0,2
2025-12-26,EMFD,Real Estate,0.0,0.0,0,2
2025-12-26,PHDC,Real Estate,0.0,0.0,0,2
2025-12-26,MASR,Real Estate,0.0,0.0,2,0
2025-12-26,ORHD,Real Estate,0.0,0.0,0,2
2025-12-26,EGAL,Basic Resources,-0.3333333333333333,0.0,3,0
2025-12-26,ABUK,Basic Resources,0.0,-0.3333333333333333,0,3
2025-12-26,MFPC,Basic Resources,0.0,-0.3333333333333333,0,3
2025-12-26,SIDPEC,Basic Resources,0.0,-0.3333333333333333,0,3
2025-12-26,ESRS,Basic Resources,0.0,-0.3333333333333333,0,3
2025-12-26,HRHO,Non-Bank Financials,0.0,0.0,0,0
2025-12-26,BTFH,Non-Bank Financials,0.0,0.0,0,0
2025-12-26,FWRY,Non-Bank Financials,0.0,0.0,0,0
2025-12-26,EFIH,Non-Bank Financials,0.0,0.0,0,0
2025-12-26,CIRA,Non-Bank Financials,0.0,0.0,0,0
2025-12-26,EAST,Consumer,-0.3333333333333333,0.5,9,4
2025-12-26,JUFO,Consumer,0.0,-0.07692307692307693,0,13
2025-12-26,ORWE,Consumer,0.0,-0.07692307692307693,0,13
2025-12-26,AUTO,Consumer,1.0,-0.16666666666666666,1,12
2025-12-26,ETEL,Telecom,-0.16279069767441862,0.0,43,0
2025-12-29,COMI,Banks,-0.125,-0.5,8,4
2025-12-29,ADIB,Banks,0.0,-0.2727272727272727,1,11
2025-12-29,CIEB,Banks,0.0,-0.25,0,12
2025-12-29,QNBA,Banks,0.0,-0.25,0,12
2025-12-29,FAIT,Banks,-1.0,0.0,3,9
2025-12-29,TMGH,Real Estate,0.0,0.0,0,2
2025-12-29,EMFD,Real Estate,0.0,0.0,0,2
2025-12-29,PHDC,Real Estate,0.0,0.0,0,2
2025-12-29,MASR,Real Estate,0.0,0.0,2,0
2025-12-29,ORHD,Real Estate,0.0,0.0,0,2
2025-12-29,EGAL,Basic Resources,0.0,0.0,4,0
2025-12-29,ABUK,Basic Resources,0.0,0.0,0,4
2025-12-29,MFPC,Basic Resources,0.0,0.0,0,4
2025-12-29,SIDPEC,Basic Resources,0.0,0.0,0,4
2025-12-29,ESRS,Basic Resources,0.0,0.0,0,4
2025-12-29,HRHO,Non-Bank Financials,0.0,0.0,0,0
2025-12-29,BTFH,Non-Bank Financials,0.0,0.0,0,0
2025-12-29,FWRY,Non-Bank Financials,0.0,0.0,0,0
2025-12-29,EFIH,Non-Bank Financials,0.0,0.0,0,0
2025-12-29,CIRA,Non-Bank Financials,0.0,0.0,0,0
2025-12-29,EAST,Consumer,-0.25,0.5,16,2
2025-12-29,JUFO,Consumer,0.0,-0.16666666666666666,0,18
2025-12-29,ORWE,Consumer,0.0,-0.16666666666666666,0,18
2025-12-29,AUTO,Consumer,0.5,-0.25,2,16
2025-12-29,ETEL,Telecom,-0.125,0.0,48,0
2025-12-21,COMI,Banks,0.1,0.0,10,2
2025-12-21,ADIB,Banks,0.0,0.08333333333333333,0,12
2025-12-21,CIEB,Banks,0.0,0.08333333333333333,0,12
2025-12-21,QNBA,Banks,0.0,0.08333333333333333,0,12
2025-12-21,FAIT,Banks,-1.0,0.18181818181818182,1,11
2025-12-21,TMGH,Real Estate,0.0,-0.3333333333333333,0,3
2025-12-21,EMFD,Real Estate,0.0,-0.3333333333333333,0,3
2025-12-21,PHDC,Real Estate,0.0,-0.3333333333333333,0,3
2025-12-21,MASR,Real Estate,0.0,-0.3333333333333333,0,3
2025-12-21,ORHD,Real Estate,0.0,-0.3333333333333333,0,3
2025-12-21,EGAL,Basic Resources,0.0,0.0,6,0
2025-12-21,ABUK,Basic Resources,0.0,0.0,0,6
2025-12-21,MFPC,Basic Resources,0.0,0.0,0,6
2025-12-21,SIDPEC,Basic Resources,0.0,0.0,0,6
2025-12-21,ESRS,Basic Resources,0.0,0.0,0,6
2025-12-21,HRHO,Non-Bank Financials,0.0,0.0,0,0
2025-12-21,BTFH,Non-Bank Financials,0.0,0.0,0,0
2025-12-21,FWRY,Non-Bank Financials,0.0,0.0,0,0
2025-12-21,EFIH,Non-Bank Financials,0.0,0.0,0,0
2025-12-21,CIRA,Non-Bank Financials,0.0,0.0,0,0
2025-12-21,EAST,Consumer,-0.5,1.0,14,4
2025-12-21,JUFO,Consumer,0.0,-0.16666666666666666,0,18
2025-12-21,ORWE,Consumer,1.0,-0.23529411764705882,1,17
2025-12-21,AUTO,Consumer,0.25,-0.2857142857142857,4,14
2025-12-21,ETEL,Telecom,0.15217391304347827,0.0,46,0
2025-12-27,COMI,Banks,-0.6,0.0,5,2
2025-12-27,ADIB,Banks,0.0,-0.42857142857142855,0,7
2025-12-27,CIEB,Banks,0.0,-0.42857142857142855,0,7
2025-12-27,QNBA,Banks,0.0,-0.42857142857142855,0,7
2025-12-27,FAIT,Banks,-1.0,-0.3333333333333333,1,6
2025-12-27,TMGH,Real Estate,0.0,-0.5,0,2
2025-12-27,EMFD,Real Estate,0.0,-0.5,0,2
2025-12-27,PHDC,Real Estate,0.0,-0.5,0,2
2025-12-27,MASR,Real Estate,-1.0,0.0,1,1
2025-12-27,ORHD,Real Estate,0.0,-0.5,0,2
2025-12-27,EGAL,Basic Resources,-0.8,0.0,5,0
2025-12-27,ABUK,Basic Resources,0.0,-0.8,0,5
2025-12-27,MFPC,Basic Resources,0.0,-0.8,0,5
2025-12-27,SIDPEC,Basic Resources,0.0,-0.8,0,5
2025-12-27,ESRS,Basic Resources,0.0,-0.8,0,5
2025-12-27,HRHO,Non-Bank Financials,0.0,0.0,0,0
2025-12-27,BTFH,Non-Bank Financials,0.0,0.0,0,0
2025-12-27,FWRY,Non-Bank Financials,0.0,0.0,0,0
2025-12-27,EFIH,Non-Bank Financials,0.0,0.0,0,0
2025-12-27,CIRA,Non-Bank Financials,0.0,0.0,0,0
2025-12-27,EAST,Consumer,-0.4166666666666667,0.0,12,1
2025-12-27,JUFO,Consumer,0.0,-0.38461538461538464,0,13
2025-12-27,ORWE,Consumer,0.0,-0.4166666666666667,1,12
2025-12-27,AUTO,Consumer,0.0,-0.45454545454545453,2,11
2025-12-27,ETEL,Telecom,-0.36363636363636365,0.0,22,0
2025-12-01,COMI,Banks,0.6,0.1111111111111111,15,9
2025-12-01,ADIB,Banks,0.0,0.4166666666666667,0,24
2025-12-01,CIEB,Banks,0.0,0.4166666666666667,0,24
2025-12-01,QNBA,Banks,0.0,0.4166666666666667,0,24
2025-12-01,FAIT,Banks,0.0,0.5,4,20
2025-12-01,TMGH,Real Estate,1.0,0.6666666666666666,1,6
2025-12-01,EMFD,Real Estate,0.0,0.7142857142857143,0,7
2025-12-01,PHDC,Real Estate,0.0,0.7142857142857143,0,7
2025-12-01,MASR,Real Estate,0.0,0.7142857142857143,0,7
2025-12-01,ORHD,Real Estate,0.0,0.7142857142857143,0,7
2025-12-01,EGAL,Basic Resources,-0.4,1.0,5,1
2025-12-01,ABUK,Basic Resources,0.0,-0.16666666666666666,0,6
2025-12-01,MFPC,Basic Resources,1.0,-0.4,1,5
2025-12-01,SIDPEC,Basic Resources,0.0,-0.16666666666666666,0,6
2025-12-01,ESRS,Basic Resources,0.0,-0.16666666666666666,0,6
2025-12-01,HRHO,Non-Bank Financials,0.0,0.0,0,0
2025-12-01,BTFH,Non-Bank Financials,0.0,0.0,0,0
2025-12-01,FWRY,Non-Bank Financials,0.0,0.0,0,0
2025-12-01,EFIH,Non-Bank Financials,0.0,0.0,0,0
2025-12-01,CIRA,Non-Bank Financials,0.0,0.0,0,0
2025-12-01,EAST,Consumer,0.3,0.0,20,8
2025-12-01,JUFO,Consumer,0.0,0.21428571428571427,0,28
2025-12-01,ORWE,Consumer,0.0,0.2222222222222222,1,27
2025-12-01,AUTO,Consumer,-0.6666666666666666,0.32,3,25
2025-12-01,ETEL,Telecom,0.21951219512195122,1.0,82,1
2025-11-29,COMI,Banks,0.0,-1.0,4,1
2025-11-29,ADIB,Banks,0.0,-0.2,0,5
2025-11-29,CIEB,Banks,0.0,-0.2,0,5
2025-11-29,QNBA,Banks,0.0,-0.2,0,5
2025-11-29,FAIT,Banks,0.0,-0.25,1,4
2025-11-29,TMGH,Real Estate,0.0,1.0,0,1
2025-11-29,EMFD,Real Estate,0.0,1.0,0,1
2025-11-29,PHDC,Real Estate,0.0,1.0,0,1
2025-11-29,MASR,Real Estate,1.0,0.0,1,0
2025-11-29,ORHD,Real Estate,0.0,1.0,0,1
2025-11-29,EGAL,Basic Resources,-1.0,0.0,2,0
2025-11-29,ABUK,Basic Resources,0.0,-1.0,0,2
2025-11-29,MFPC,Basic Resources,0.0,-1.0,0,2
2025-11-29,SIDPEC,Basic Resources,0.0,-1.0,0,2
2025-11-29,ESRS,Basic Resources,0.0,-1.0,0,2
2025-11-29,HRHO,Non-Bank Financials,0.0,0.0,0,0
2025-11-29,BTFH,Non-Bank Financials,0.0,0.0,0,0
2025-11-29,FWRY,Non-Bank Financials,0.0,0.0,0,0
2025-11-29,EFIH,Non-Bank Financials,0.0,0.0,0,0
2025-11-29,CIRA,Non-Bank Financials,0.0,0.0,0,0
2025-11-29,EAST,Consumer,-0.4,0.0,5,0
2025-11-29,JUFO,Consumer,0.0,-0.4,0,5
2025-11-29,ORWE,Consumer,0.0,-0.4,0,5
2025-11-29,AUTO,Consumer,0.0,-0.4,0,5
2025-11-29,ETEL,Telecom,-0.0625,0.0,16,0
2026-01-31,COMI,Banks,0.23809523809523808,0.2,21,5
2026-01-31,ADIB,Banks,0.0,0.23076923076923078,0,26
2026-01-31,CIEB,Banks,0.0,0.23076923076923078,0,26
2026-01-31,QNBA,Banks,0.0,0.23076923076923078,0,26
2026-01-31,FAIT,Banks,1.0,0.2,1,25
2026-01-31,TMGH,Real Estate,0.0,0.35714285714285715,0,14
2026-01-31,EMFD,Real Estate,0.0,0.35714285714285715,0,14
2026-01-31,PHDC,Real Estate,0.0,0.35714285714285715,0,14
2026-01-31,MASR,Real Estate,1.0,0.3076923076923077,1,13
2026-01-31,ORHD,Real Estate,0.0,0.35714285714285715,0,14
2026-01-31,EGAL,Basic Resources,-1.0,0.0,3,0
2026-01-31,ABUK,Basic Resources,0.0,-1.0,0,3
2026-01-31,MFPC,Basic Resources,0.0,-1.0,0,3
2026-01-31,SIDPEC,Basic Resources,0.0,-1.0,0,3
2026-01-31,ESRS,Basic Resources,0.0,-1.0,0,3
2026-01-31,HRHO,Non-Bank Financials,0.0,0.0,0,0
2026-01-31,BTFH,Non-Bank Financials,0.0,0.0,0,0
2026-01-31,FWRY,Non-Bank Financials,0.0,0.0,0,0
2026-01-31,EFIH,Non-Bank Financials,0.0,0.0,0,0
2026-01-31,CIRA,Non-Bank Financials,0.0,0.0,0,0
2026-01-31,EAST,Consumer,0.037037037037037035,-0.6666666666666666,27,3
2026-01-31,JUFO,Consumer,0.0,-0.03333333333333333,0,30
2026-01-31,ORWE,Consumer,0.0,-0.03333333333333333,0,30
2026-01-31,AUTO,Consumer,-0.4,0.04,5,25
2026-01-31,ETEL,Telecom,0.05405405405405406,0.0,74,0
2025-12-30,COMI,Banks,0.14285714285714285,-1.0,7,1
2025-12-30,ADIB,Banks,0.0,0.0,0,8
2025-12-30,CIEB,Banks,0.0,0.0,0,8
2025-12-30,QNBA,Banks,0.0,0.0,0,8
2025-12-30,FAIT,Banks,0.0,0.0,0,8
2025-12-30,TMGH,Real Estate,0.0,0.0,0,3
2025-12-30,EMFD,Real Estate,0.0,0.0,0,3
2025-12-30,PHDC,Real Estate,0.0,0.0,0,3
2025-12-30,MASR,Real Estate,-0.5,1.0,2,1
2025-12-30,ORHD,Real Estate,0.0,0.0,0,3
2025-12-30,EGAL,Basic Resources,-0.5,0.0,2,0
2025-12-30,ABUK,Basic Resources,0.0,-0.5,0,2
2025-12-30,MFPC,Basic Resources,0.0,-0.5,0,2
2025-12-30,SIDPEC,Basic Resources,0.0,-0.5,0,2
2025-12-30,ESRS,Basic Resources,0.0,-0.5,0,2
2025-12-30,HRHO,Non-Bank Financials,0.0,0.0,0,0
2025-12-30,BTFH,Non-Bank Financials,0.0,0.0,0,0
2025-12-30,FWRY,Non-Bank Financials,0.0,0.0,0,0
2025-12-30,EFIH,Non-Bank Financials,0.0,0.0,0,0
2025-12-30,CIRA,Non-Bank Financials,0.0,0.0,0,0
2025-12-30,EAST,Consumer,-0.2857142857142857,1.0,7,1
2025-12-30,JUFO,Consumer,0.0,-0.125,0,8
2025-12-30,ORWE,Consumer,0.0,-0.125,0,8
2025-12-30,AUTO,Consumer,1.0,-0.2857142857142857,1,7
2025-12-30,ETEL,Telecom,-0.05714285714285714,0.0,35,0
2025-12-14,COMI,Banks,0.14285714285714285,-0.5,7,2
2025-12-14,ADIB,Banks,0.0,0.0,0,9
2025-12-14,CIEB,Banks,0.0,0.0,0,9
2025-12-14,QNBA,Banks,0.0,0.0,0,9
2025-12-14,FAIT,Banks,-1.0,0.125,1,8
2025-12-14,TMGH,Real Estate,0.0,0.4,0,5
2025-12-14,EMFD,Real Estate,0.0,0.4,0,5
2025-12-14,PHDC,Real Estate,0.0,0.4,0,5
2025-12-14,MASR,Real Estate,0.25,1.0,4,1
2025-12-14,ORHD,Real Estate,0.0,0.4,0,5
2025-12-14,EGAL,Basic Resources,-0.3333333333333333,0.0,9,0
2025-12-14,ABUK,Basic Resources,0.0,-0.3333333333333333,0,9
2025-12-14,MFPC,Basic Resources,0.0,-0.3333333333333333,0,9
2025-12-14,SIDPEC,Basic Resources,0.0,-0.3333333333333333,0,9
2025-12-14,ESRS,Basic Resources,0.0,-0.3333333333333333,0,9
2025-12-14,HRHO,Non-Bank Financials,0.0,0.0,0,0
2025-12-14,BTFH,Non-Bank Financials,0.0,0.0,0,0
2025-12-14,FWRY,Non-Bank Financials,0.0,0.0,0,0
2025-12-14,EFIH,Non-Bank Financials,0.0,0.0,0,0
2025-12-14,CIRA,Non-Bank Financials,0.0,0.0,0,0
2025-12-14,EAST,Consumer,-0.19230769230769232,0.5,26,4
2025-12-14,JUFO,Consumer,0.0,-0.1,0,30
2025-12-14,ORWE,Consumer,0.0,-0.1,0,30
2025-12-14,AUTO,Consumer,0.75,-0.23076923076923078,4,26
2025-12-14,ETEL,Telecom,0.09375,0.0,64,0
2025-12-17,COMI,Banks,-0.18181818181818182,-1.0,11,1
2025-12-17,ADIB,Banks,0.0,-0.25,0,12
2025-12-17,CIEB,Banks,0.0,-0.25,0,12
2025-12-17,QNBA,Banks,0.0,-0.25,0,12
2025-12-17,FAIT,Banks,-1.0,-0.18181818181818182,1,11
2025-12-17,TMGH,Real Estate,0.0,-0.16666666666666666,0,6
2025-12-17,EMFD,Real Estate,0.0,-0.16666666666666666,0,6
2025-12-17,PHDC,Real Estate,0.0,-0.16666666666666666,0,6
2025-12-17,MASR,Real Estate,-0.25,0.0,4,2
2025-12-17,ORHD,Real Estate,0.0,-0.16666666666666666,0,6
2025-12-17,EGAL,Basic Resources,-0.5,0.0,12,0
2025-12-17,ABUK,Basic Resources,0.0,-0.5,0,12
2025-12-17,MFPC,Basic Resources,0.0,-0.5,0,12
2025-12-17,SIDPEC,Basic Resources,0.0,-0.5,0,12
2025-12-17,ESRS,Basic Resources,0.0,-0.5,0,12
2025-12-17,HRHO,Non-Bank Financials,0.0,0.0,0,0
2025-12-17,BTFH,Non-Bank Financials,0.0,0.0,0,0
2025-12-17,FWRY,Non-Bank Financials,0.0,0.0,0,0
2025-12-17,EFIH,Non-Bank Financials,0.0,0.0,0,0
2025-12-17,CIRA,Non-Bank Financials,0.0,0.0,0,0
2025-12-17,EAST,Consumer,-0.17647058823529413,0.16666666666666666,17,6
2025-12-17,JUFO,Consumer,0.0,-0.08695652173913043,0,23
2025-12-17,ORWE,Consumer,-1.0,-0.045454545454545456,1,22
2025-12-17,AUTO,Consumer,0.0,-0.13333333333333333,8,15
2025-12-17,ETEL,Telecom,0.0,0.0,59,0
2025-12-18,COMI,Banks,-0.5,0.0,4,0
2025-12-18,ADIB,Banks,0.0,-0.5,0,4
2025-12-18,CIEB,Banks,0.0,-0.5,0,4
2025-12-18,QNBA,Banks,0.0,-0.5,0,4
2025-12-18,FAIT,Banks,0.0,-0.5,0,4
2025-12-18,TMGH,Real Estate,0.0,0.0,0,0
2025-12-18,EMFD,Real Estate,0.0,0.0,0,0
2025-12-18,PHDC,Real Estate,0.0,0.0,0,0
2025-12-18,MASR,Real Estate,0.0,0.0,0,0
2025-12-18,ORHD,Real Estate,0.0,0.0,0,0
2025-12-18,EGAL,Basic Resources,0.0,0.0,2,0
2025-12-18,ABUK,Basic Resources,0.0,0.0,0,2
2025-12-18,MFPC,Basic Resources,0.0,0.0,0,2
2025-12-18,SIDPEC,Basic Resources,0.0,0.0,0,2
2025-12-18,ESRS,Basic Resources,0.0,0.0,0,2
2025-12-18,HRHO,Non-Bank Financials,0.0,0.0,0,0
2025-12-18,BTFH,Non-Bank Financials,0.0,0.0,0,0
2025-12-18,FWRY,Non-Bank Financials,0.0,0.0,0,0
2025-12-18,EFIH,Non-Bank Financials,0.0,0.0,0,0
2025-12-18,CIRA,Non-Bank Financials,0.0,0.0,0,0
2025-12-18,EAST,Consumer,-1.0,-1.0,3,1
2025-12-18,JUFO,Consumer,0.0,-1.0,0,4
2025-12-18,ORWE,Consumer,0.0,-1.0,0,4
2025-12-18,AUTO,Consumer,0.0,-1.0,0,4
2025-12-18,ETEL,Telecom,-0.6470588235294118,0.0,17,0
2026-02-05,COMI,Banks,0.1111111111111111,-0.5,18,2
2026-02-05,ADIB,Banks,0.0,0.05,0,20
2026-02-05,CIEB,Banks,0.0,0.05,0,20
2026-02-05,QNBA,Banks,0.0,0.05,0,20
2026-02-05,FAIT,Banks,0.0,0.05555555555555555,2,18
2026-02-05,TMGH,Real Estate,0.0,0.0,0,5
2026-02-05,EMFD,Real Estate,0.0,0.0,0,5
2026-02-05,PHDC,Real Estate,0.0,0.0,0,5
2026-02-05,MASR,Real Estate,0.0,0.0,1,4
2026-02-05,ORHD,Real Estate,0.0,0.0,0,5
2026-02-05,EGAL,Basic Resources,-0.25,0.0,8,0
2026-02-05,ABUK,Basic Resources,0.0,-0.25,0,8
2026-02-05,MFPC,Basic Resources,0.0,-0.25,0,8
2026-02-05,SIDPEC,Basic Resources,0.0,-0.25,0,8
2026-02-05,ESRS,Basic Resources,0.0,-0.25,0,8
2026-02-05,HRHO,Non-Bank Financials,0.0,0.0,0,0
2026-02-05,BTFH,Non-Bank Financials,0.0,0.0,0,0
2026-02-05,FWRY,Non-Bank Financials,0.0,0.0,0,0
2026-02-05,EFIH,Non-Bank Financials,0.0,0.0,0,0
2026-02-05,CIRA,Non-Bank Financials,0.0,0.0,0,0
2026-02-05,EAST,Consumer,-0.23076923076923078,-0.23076923076923078,26,13
2026-02-05,JUFO,Consumer,0.0,-0.23076923076923078,0,39
2026-02-05,ORWE,Consumer,-0.16666666666666666,-0.24242424242424243,6,33
2026-02-05,AUTO,Consumer,-0.5,-0.13793103448275862,10,29
2026-02-05,ETEL,Telecom,-0.16842105263157894,-1.0,95,1
2026-02-07,COMI,Banks,0.42857142857142855,1.0,7,2
2026-02-07,ADIB,Banks,0.0,0.5555555555555556,0,9
2026-02-07,CIEB,Banks,0.0,0.5555555555555556,0,9
2026-02-07,QNBA,Banks,0.0,0.5555555555555556,0,9
2026-02-07,FAIT,Banks,0.0,0.5555555555555556,0,9
2026-02-07,TMGH,Real Estate,0.0,0.8,0,5
2026-02-07,EMFD,Real Estate,0.0,0.8,0,5
2026-02-07,PHDC,Real Estate,0.0,0.8,0,5
2026-02-07,MASR,Real Estate,0.5,1.0,2,3
2026-02-07,ORHD,Real Estate,0.0,0.8,0,5
2026-02-07,EGAL,Basic Resources,-0.25,1.0,4,1
2026-02-07,ABUK,Basic Resources,0.0,0.0,0,5
2026-02-07,MFPC,Basic Resources,0.0,0.0,0,5
2026-02-07,SIDPEC,Basic Resources,1.0,-0.25,1,4
2026-02-07,ESRS,Basic Resources,0.0,0.0,0,5
2026-02-07,HRHO,Non-Bank Financials,0.0,0.0,0,0
2026-02-07,BTFH,Non-Bank Financials,0.0,0.0,0,0
2026-02-07,FWRY,Non-Bank Financials,0.0,0.0,0,0
2026-02-07,EFIH,Non-Bank Financials,0.0,0.0,0,0
2026-02-07,CIRA,Non-Bank Financials,0.0,0.0,0,0
2026-02-07,EAST,Consumer,0.23076923076923078,-0.5,13,4
2026-02-07,JUFO,Consumer,0.0,0.058823529411764705,0,17
2026-02-07,ORWE,Consumer,-1.0,0.125,1,16
2026-02-07,AUTO,Consumer,-0.5,0.23076923076923078,4,13
2026-02-07,ETEL,Telecom,0.0,0.0,35,0
2025-12-23,COMI,Banks,0.4166666666666667,-0.2,12,5
2025-12-23,ADIB,Banks,0.0,0.23529411764705882,0,17
2025-12-23,CIEB,Banks,0.0,0.23529411764705882,0,17
2025-12-23,QNBA,Banks,0.0,0.23529411764705882,0,17
2025-12-23,FAIT,Banks,-1.0,0.4,2,15
2025-12-23,TMGH,Real Estate,0.0,0.5,0,4
2025-12-23,EMFD,Real Estate,0.0,0.5,0,4
2025-12-23,PHDC,Real Estate,1.0,0.3333333333333333,1,3
2025-12-23,MASR,Real Estate,1.0,0.3333333333333333,1,3
2025-12-23,ORHD,Real Estate,0.0,0.5,0,4
2025-12-23,EGAL,Basic Resources,-0.4444444444444444,0.0,9,0
2025-12-23,ABUK,Basic Resources,0.0,-0.4444444444444444,0,9
2025-12-23,MFPC,Basic Resources,0.0,-0.4444444444444444,0,9
2025-12-23,SIDPEC,Basic Resources,0.0,-0.4444444444444444,0,9
2025-12-23,ESRS,Basic Resources,0.0,-0.4444444444444444,0,9
2025-12-23,HRHO,Non-Bank Financials,0.0,0.0,0,0
2025-12-23,BTFH,Non-Bank Financials,0.0,0.0,0,0
2025-12-23,FWRY,Non-Bank Financials,0.0,0.0,0,0
2025-12-23,EFIH,Non-Bank Financials,0.0,0.0,0,0
2025-12-23,CIRA,Non-Bank Financials,0.0,0.0,0,0
2025-12-23,EAST,Consumer,-0.23076923076923078,0.7142857142857143,26,7
2025-12-23,JUFO,Consumer,0.0,-0.030303030303030304,0,33
2025-12-23,ORWE,Consumer,0.0,-0.030303030303030304,0,33
2025-12-23,AUTO,Consumer,0.25,-0.06896551724137931,4,29
2025-12-23,ETEL,Telecom,0.20987654320987653,0.0,81,0
2025-12-28,COMI,Banks,0.3333333333333333,0.5,9,2
2025-12-28,ADIB,Banks,0.0,0.36363636363636365,0,11
2025-12-28,CIEB,Banks,0.0,0.36363636363636365,0,11
2025-12-28,QNBA,Banks,0.0,0.36363636363636365,0,11
2025-12-28,FAIT,Banks,0.0,0.4,1,10
2025-12-28,TMGH,Real Estate,1.0,0.7777777777777778,1,9
2025-12-28,EMFD,Real Estate,0.0,0.8,0,10
2025-12-28,PHDC,Real Estate,0.0,0.8,0,10
2025-12-28,MASR,Real Estate,-1.0,1.0,1,9
2025-12-28,ORHD,Real Estate,0.0,0.8,0,10
2025-12-28,EGAL,Basic Resources,0.0,0.0,4,0
2025-12-28,ABUK,Basic Resources,0.0,0.0,0,4
2025-12-28,MFPC,Basic Resources,0.0,0.0,0,4
2025-12-28,SIDPEC,Basic Resources,0.0,0.0,0,4
2025-12-28,ESRS,Basic Resources,0.0,0.0,0,4
2025-12-28,HRHO,Non-Bank Financials,0.0,0.0,0,0
2025-12-28,BTFH,Non-Bank Financials,0.0,0.0,0,0
2025-12-28,FWRY,Non-Bank Financials,0.0,0.0,0,0
2025-12-28,EFIH,Non-Bank Financials,0.0,0.0,0,0
2025-12-28,CIRA,Non-Bank Financials,0.0,0.0,0,0
2025-12-28,EAST,Consumer,-0.16666666666666666,0.5,6,6
2025-12-28,JUFO,Consumer,0.0,0.16666666666666666,0,12
2025-12-28,ORWE,Consumer,0.0,0.18181818181818182,1,11
2025-12-28,AUTO,Consumer,0.5,0.0,4,8
2025-12-28,ETEL,Telecom,0.2571428571428571,0.0,35,0
2025-12-10,COMI,Banks,0.07142857142857142,-1.0,14,1
2025-12-10,ADIB,Banks,-1.0,0.07142857142857142,1,14
2025-12-10,CIEB,Banks,0.0,0.0,0,15
2025-12-10,QNBA,Banks,0.0,0.0,0,15
2025-12-10,FAIT,Banks,-1.0,0.15384615384615385,2,13
2025-12-10,TMGH,Real Estate,0.0,0.0,0,4
2025-12-10,EMFD,Real Estate,0.0,0.0,0,4
2025-12-10,PHDC,Real Estate,1.0,-0.3333333333333333,1,3
2025-12-10,MASR,Real Estate,-0.5,0.5,2,2
2025-12-10,ORHD,Real Estate,0.0,0.0,0,4
2025-12-10,EGAL,Basic Resources,-0.2,0.0,5,0
2025-12-10,ABUK,Basic Resources,0.0,-0.2,0,5
2025-12-10,MFPC,Basic Resources,0.0,-0.2,0,5
2025-12-10,SIDPEC,Basic Resources,0.0,-0.2,0,5
2025-12-10,ESRS,Basic Resources,0.0,-0.2,0,5
2025-12-10,HRHO,Non-Bank Financials,0.0,0.0,0,0
2025-12-10,BTFH,Non-Bank Financials,0.0,0.0,0,0
2025-12-10,FWRY,Non-Bank Financials,0.0,0.0,0,0
2025-12-10,EFIH,Non-Bank Financials,0.0,0.0,0,0
2025-12-10,CIRA,Non-Bank Financials,0.0,0.0,0,0
2025-12-10,EAST,Consumer,-0.2,-0.16666666666666666,15,6
2025-12-10,JUFO,Consumer,0.0,-0.19047619047619047,0,21
2025-12-10,ORWE,Consumer,0.0,-0.19047619047619047,0,21
2025-12-10,AUTO,Consumer,0.0,-0.2222222222222222,3,18
2025-12-10,ETEL,Telecom,-0.05970149253731343,0.0,67,0
2025-12-20,COMI,Banks,-0.2,0.0,5,0
2025-12-20,ADIB,Banks,0.0,-0.2,0,5
2025-12-20,CIEB,Banks,0.0,-0.2,0,5
2025-12-20,QNBA,Banks,0.0,-0.2,0,5
2025-12-20,FAIT,Banks,0.0,-0.2,0,5
2025-12-20,TMGH,Real Estate,0.0,0.0,0,0
2025-12-20,EMFD,Real Estate,0.0,0.0,0,0
2025-12-20,PHDC,Real Estate,0.0,0.0,0,0
2025-12-20,MASR,Real Estate,0.0,0.0,0,0
2025-12-20,ORHD,Real Estate,0.0,0.0,0,0
2025-12-20,EGAL,Basic Resources,0.0,0.0,2,0
2025-12-20,ABUK,Basic Resources,0.0,0.0,0,2
2025-12-20,MFPC,Basic Resources,0.0,0.0,0,2
2025-12-20,SIDPEC,Basic Resources,0.0,0.0,0,2
2025-12-20,ESRS,Basic Resources,0.0,0.0,0,2
2025-12-20,HRHO,Non-Bank Financials,0.0,0.0,0,0
2025-12-20,BTFH,Non-Bank Financials,0.0,0.0,0,0
2025-12-20,FWRY,Non-Bank Financials,0.0,0.0,0,0
2025-12-20,EFIH,Non-Bank Financials,0.0,0.0,0,0
2025-12-20,CIRA,Non-Bank Financials,0.0,0.0,0,0
2025-12-20,EAST,Consumer,-0.2222222222222222,-1.0,9,1
2025-12-20,JUFO,Consumer,0.0,-0.3,0,10
2025-12-20,ORWE,Consumer,0.0,-0.3,0,10
2025-12-20,AUTO,Consumer,0.0,-0.3,0,10
2025-12-20,ETEL,Telecom,-0.09090909090909091,0.0,22,0
2026-02-04,COMI,Banks,-0.06666666666666667,0.0,15,2
2026-02-04,ADIB,Banks,0.0,-0.058823529411764705,0,17
2026-02-04,CIEB,Banks,0.0,-0.058823529411764705,0,17
2026-02-04,QNBA,Banks,0.0,-0.058823529411764705,0,17
2026-02-04,FAIT,Banks,0.0,-0.058823529411764705,0,17
2026-02-04,TMGH,Real Estate,0.0,0.25,0,8
2026-02-04,EMFD,Real Estate,0.0,0.25,0,8
2026-02-04,PHDC,Real Estate,0.0,0.25,0,8
2026-02-04,MASR,Real Estate,0.0,0.2857142857142857,1,7
2026-02-04,ORHD,Real Estate,0.0,0.25,0,8
2026-02-04,EGAL,Basic Resources,-0.2,0.0,10,0
2026-02-04,ABUK,Basic Resources,0.0,-0.2,0,10
2026-02-04,MFPC,Basic Resources,0.0,-0.2,0,10
2026-02-04,SIDPEC,Basic Resources,0.0,-0.2,0,10
2026-02-04,ESRS,Basic Resources,0.0,-0.2,0,10
2026-02-04,HRHO,Non-Bank Financials,0.0,0.0,0,0
2026-02-04,BTFH,Non-Bank Financials,0.0,0.0,0,0
2026-02-04,FWRY,Non-Bank Financials,0.0,0.0,0,0
2026-02-04,EFIH,Non-Bank Financials,0.0,0.0,0,0
2026-02-04,CIRA,Non-Bank Financials,0.0,0.0,0,0
2026-02-04,EAST,Consumer,-0.36363636363636365,0.15384615384615385,22,13
2026-02-04,JUFO,Consumer,0.0,-0.17142857142857143,0,35
2026-02-04,ORWE,Consumer,0.0,-0.17142857142857143,0,35
2026-02-04,AUTO,Consumer,0.06666666666666667,-0.35,15,20
2026-02-04,ETEL,Telecom,-0.0684931506849315,0.0,73,0
2026-02-03,COMI,Banks,-0.09090909090909091,0.4,11,5
2026-02-03,ADIB,Banks,0.0,0.0625,0,16
2026-02-03,CIEB,Banks,0.0,0.0625,0,16
2026-02-03,QNBA,Banks,0.0,0.0625,0,16
2026-02-03,FAIT,Banks,0.0,0.06666666666666667,1,15
2026-02-03,TMGH,Real Estate,0.0,0.5,0,8
2026-02-03,EMFD,Real Estate,0.0,0.5,0,8
2026-02-03,PHDC,Real Estate,0.0,0.5,0,8
2026-02-03,MASR,Real Estate,0.5,0.5,4,4
2026-02-03,ORHD,Real Estate,0.0,0.5,0,8
2026-02-03,EGAL,Basic Resources,-0.2,1.0,5,1
2026-02-03,ABUK,Basic Resources,0.0,0.0,0,6
2026-02-03,MFPC,Basic Resources,0.0,0.0,0,6
2026-02-03,SIDPEC,Basic Resources,0.0,0.0,0,6
2026-02-03,ESRS,Basic Resources,0.0,0.0,0,6
2026-02-03,HRHO,Non-Bank Financials,0.0,0.0,0,0
2026-02-03,BTFH,Non-Bank Financials,0.0,0.0,0,0
2026-02-03,FWRY,Non-Bank Financials,0.0,0.0,0,0
2026-02-03,EFIH,Non-Bank Financials,0.0,0.0,0,0
2026-02-03,CIRA,Non-Bank Financials,0.0,0.0,0,0
2026-02-03,EAST,Consumer,-0.47368421052631576,0.6,19,5
2026-02-03,JUFO,Consumer,0.0,-0.25,0,24
2026-02-03,ORWE,Consumer,0.0,-0.25,0,24
2026-02-03,AUTO,Consumer,0.25,-0.35,4,20
2026-02-03,ETEL,Telecom,0.2028985507246377,0.0,69,0
2025-12-19,COMI,Banks,0.35714285714285715,-0.4,14,5
2025-12-19,ADIB,Banks,0.0,0.15789473684210525,0,19
2025-12-19,CIEB,Banks,0.0,0.15789473684210525,0,19
2025-12-19,QNBA,Banks,0.0,0.15789473684210525,0,19
2025-12-19,FAIT,Banks,-0.6666666666666666,0.3125,3,16
2025-12-19,TMGH,Real Estate,1.0,1.0,1,2
2025-12-19,EMFD,Real Estate,0.0,1.0,0,3
2025-12-19,PHDC,Real Estate,0.0,1.0,0,3
2025-12-19,MASR,Real Estate,0.0,1.0,0,3
2025-12-19,ORHD,Real Estate,0.0,1.0,0,3
2025-12-19,EGAL,Basic Resources,-0.18181818181818182,0.0,11,0
2025-12-19,ABUK,Basic Resources,0.0,-0.18181818181818182,0,11
2025-12-19,MFPC,Basic Resources,0.0,-0.18181818181818182,0,11
2025-12-19,SIDPEC,Basic Resources,0.0,-0.18181818181818182,0,11
2025-12-19,ESRS,Basic Resources,0.0,-0.18181818181818182,0,11
2025-12-19,HRHO,Non-Bank Financials,0.0,0.0,0,0
2025-12-19,BTFH,Non-Bank Financials,0.0,0.0,0,0
2025-12-19,FWRY,Non-Bank Financials,0.0,0.0,0,0
2025-12-19,EFIH,Non-Bank Financials,0.0,0.0,0,0
2025-12-19,CIRA,Non-Bank Financials,0.0,0.0,0,0
2025-12-19,EAST,Consumer,-0.05263157894736842,0.3,19,10
2025-12-19,JUFO,Consumer,0.0,0.06896551724137931,0,29
2025-12-19,ORWE,Consumer,0.0,0.07142857142857142,1,28
2025-12-19,AUTO,Consumer,0.0,0.07407407407407407,2,27
2025-12-19,ETEL,Telecom,0.22077922077922077,0.0,77,0
2025-12-06,COMI,Banks,0.0,-1.0,3,1
2025-12-06,ADIB,Banks,0.0,-0.25,0,4
2025-12-06,CIEB,Banks,0.0,-0.25,0,4
2025-12-06,QNBA,Banks,0.0,-0.25,0,4
2025-12-06,FAIT,Banks,-1.0,0.0,1,3
2025-12-06,TMGH,Real Estate,0.0,-0.5,0,2
2025-12-06,EMFD,Real Estate,0.0,-0.5,0,2
2025-12-06,PHDC,Real Estate,0.0,-0.5,0,2
2025-12-06,MASR,Real Estate,-0.5,0.0,2,0
2025-12-06,ORHD,Real Estate,0.0,-0.5,0,2
2025-12-06,EGAL,Basic Resources,-0.3333333333333333,0.0,3,0
2025-12-06,ABUK,Basic Resources,0.0,-0.3333333333333333,0,3
2025-12-06,MFPC,Basic Resources,0.0,-0.3333333333333333,0,3
2025-12-06,SIDPEC,Basic Resources,0.0,-0.3333333333333333,0,3
2025-12-06,ESRS,Basic Resources,0.0,-0.3333333333333333,0,3
2025-12-06,HRHO,Non-Bank Financials,0.0,0.0,0,0
2025-12-06,BTFH,Non-Bank Financials,0.0,0.0,0,0
2025-12-06,FWRY,Non-Bank Financials,0.0,0.0,0,0
2025-12-06,EFIH,Non-Bank Financials,0.0,0.0,0,0
2025-12-06,CIRA,Non-Bank Financials,0.0,0.0,0,0
2025-12-06,EAST,Consumer,-0.8,1.0,5,1
2025-12-06,JUFO,Consumer,0.0,-0.5,0,6
2025-12-06,ORWE,Consumer,1.0,-0.8,1,5
2025-12-06,AUTO,Consumer,0.0,-0.5,0,6
2025-12-06,ETEL,Telecom,-0.25,0.0,24,0
2025-12-04,COMI,Banks,0.5714285714285714,0.3333333333333333,7,3
2025-12-04,ADIB,Banks,0.0,0.5,0,10
2025-12-04,CIEB,Banks,0.0,0.5,0,10
2025-12-04,QNBA,Banks,0.0,0.5,0,10
2025-12-04,FAIT,Banks,0.0,0.5,0,10
2025-12-04,TMGH,Real Estate,0.0,0.5,0,2
2025-12-04,EMFD,Real Estate,0.0,0.5,0,2
2025-12-04,PHDC,Real Estate,0.0,0.5,0,2
2025-12-04,MASR,Real Estate,0.0,1.0,1,1
2025-12-04,ORHD,Real Estate,0.0,0.5,0,2
2025-12-04,EGAL,Basic Resources,0.0,0.0,3,0
2025-12-04,ABUK,Basic Resources,0.0,0.0,0,3
2025-12-04,MFPC,Basic Resources,0.0,0.0,0,3
2025-12-04,SIDPEC,Basic Resources,0.0,0.0,0,3
2025-12-04,ESRS,Basic Resources,0.0,0.0,0,3
2025-12-04,HRHO,Non-Bank Financials,0.0,0.0,0,0
2025-12-04,BTFH,Non-Bank Financials,0.0,0.0,0,0
2025-12-04,FWRY,Non-Bank Financials,0.0,0.0,0,0
2025-12-04,EFIH,Non-Bank Financials,0.0,0.0,0,0
2025-12-04,CIRA,Non-Bank Financials,0.0,0.0,0,0
2025-12-04,EAST,Consumer,0.5714285714285714,0.7142857142857143,7,7
2025-12-04,JUFO,Consumer,0.0,0.6428571428571429,0,14
2025-12-04,ORWE,Consumer,0.0,0.6428571428571429,0,14
2025-12-04,AUTO,Consumer,0.7142857142857143,0.5714285714285714,7,7
2025-12-04,ETEL,Telecom,0.22727272727272727,0.0,44,0
2025-12-05,COMI,Banks,-0.5,0.0,4,0
2025-12-05,ADIB,Banks,0.0,-0.5,0,4
2025-12-05,CIEB,Banks,0.0,-0.5,0,4
2025-12-05,QNBA,Banks,0.0,-0.5,0,4
2025-12-05,FAIT,Banks,0.0,-0.5,0,4
2025-12-05,TMGH,Real Estate,0.0,-0.3333333333333333,0,3
2025-12-05,EMFD,Real Estate,0.0,-0.3333333333333333,0,3
2025-12-05,PHDC,Real Estate,0.0,-0.3333333333333333,0,3
2025-12-05,MASR,Real Estate,-1.0,1.0,2,1
2025-12-05,ORHD,Real Estate,0.0,-0.3333333333333333,0,3
2025-12-05,EGAL,Basic Resources,-0.6666666666666666,0.0,3,0
2025-12-05,ABUK,Basic Resources,0.0,-0.6666666666666666,0,3
2025-12-05,MFPC,Basic Resources,0.0,-0.6666666666666666,0,3
2025-12-05,SIDPEC,Basic Resources,0.0,-0.6666666666666666,0,3
2025-12-05,ESRS,Basic Resources,0.0,-0.6666666666666666,0,3
2025-12-05,HRHO,Non-Bank Financials,0.0,0.0,0,0
2025-12-05,BTFH,Non-Bank Financials,0.0,0.0,0,0
2025-12-05,FWRY,Non-Bank Financials,0.0,0.0,0,0
2025-12-05,EFIH,Non-Bank Financials,0.0,0.0,0,0
2025-12-05,CIRA,Non-Bank Financials,0.0,0.0,0,0
2025-12-05,EAST,Consumer,-0.25,0.3333333333333333,8,3
2025-12-05,JUFO,Consumer,0.0,-0.09090909090909091,0,11
2025-12-05,ORWE,Consumer,0.0,-0.09090909090909091,0,11
2025-12-05,AUTO,Consumer,0.0,-0.1111111111111111,2,9
2025-12-05,ETEL,Telecom,-0.03125,0.0,32,0
2025-11-30,COMI,Banks,0.0,-0.6666666666666666,15,3
2025-11-30,ADIB,Banks,1.0,-0.17647058823529413,1,17
2025-11-30,CIEB,Banks,0.0,-0.1111111111111111,0,18
2025-11-30,QNBA,Banks,0.0,-0.1111111111111111,0,18
2025-11-30,FAIT,Banks,-0.6666666666666666,0.0,3,15
2025-11-30,TMGH,Real Estate,0.0,0.6666666666666666,0,6
2025-11-30,EMFD,Real Estate,0.0,0.6666666666666666,0,6
2025-11-30,PHDC,Real Estate,0.0,0.6666666666666666,0,6
2025-11-30,MASR,Real Estate,0.0,1.0,2,4
2025-11-30,ORHD,Real Estate,0.0,0.6666666666666666,0,6
2025-11-30,EGAL,Basic Resources,-0.2727272727272727,0.0,11,0
2025-11-30,ABUK,Basic Resources,0.0,-0.2727272727272727,0,11
2025-11-30,MFPC,Basic Resources,0.0,-0.2727272727272727,0,11
2025-11-30,SIDPEC,Basic Resources,0.0,-0.2727272727272727,0,11
2025-11-30,ESRS,Basic Resources,0.0,-0.2727272727272727,0,11
2025-11-30,HRHO,Non-Bank Financials,0.0,1.0,0,1
2025-11-30,BTFH,Non-Bank Financials,0.0,1.0,0,1
2025-11-30,FWRY,Non-Bank Financials,0.0,1.0,0,1
2025-11-30,EFIH,Non-Bank Financials,1.0,0.0,1,0
2025-11-30,CIRA,Non-Bank Financials,0.0,1.0,0,1
2025-11-30,EAST,Consumer,-0.125,0.5,16,2
2025-11-30,JUFO,Consumer,0.0,-0.05555555555555555,0,18
2025-11-30,ORWE,Consumer,0.0,-0.05555555555555555,0,18
2025-11-30,AUTO,Consumer,0.5,-0.125,2,16
2025-11-30,ETEL,Telecom,0.017241379310344827,0.0,58,0
2025-12-09,COMI,Banks,-0.06666666666666667,0.0,15,0
2025-12-09,ADIB,Banks,0.0,-0.06666666666666667,0,15
2025-12-09,CIEB,Banks,0.0,-0.06666666666666667,0,15
2025-12-09,QNBA,Banks,0.0,-0.06666666666666667,0,15
2025-12-09,FAIT,Banks,0.0,-0.06666666666666667,0,15
2025-12-09,TMGH,Real Estate,0.0,0.75,0,4
2025-12-09,EMFD,Real Estate,0.0,0.75,0,4
2025-12-09,PHDC,Real Estate,0.0,0.75,0,4
2025-12-09,MASR,Real Estate,0.0,1.0,1,3
2025-12-09,ORHD,Real Estate,1.0,0.6666666666666666,1,3
2025-12-09,EGAL,Basic Resources,0.0,0.0,6,0
2025-12-09,ABUK,Basic Resources,0.0,0.0,0,6
2025-12-09,MFPC,Basic Resources,0.0,0.0,0,6
2025-12-09,SIDPEC,Basic Resources,0.0,0.0,0,6
2025-12-09,ESRS,Basic Resources,0.0,0.0,0,6
2025-12-09,HRHO,Non-Bank Financials,0.0,0.0,0,0
2025-12-09,BTFH,Non-Bank Financials,0.0,0.0,0,0
2025-12-09,FWRY,Non-Bank Financials,0.0,0.0,0,0
2025-12-09,EFIH,Non-Bank Financials,0.0,0.0,0,0
2025-12-09,CIRA,Non-Bank Financials,0.0,0.0,0,0
2025-12-09,EAST,Consumer,-0.05555555555555555,0.4444444444444444,18,9
2025-12-09,JUFO,Consumer,0.0,0.1111111111111111,0,27
2025-12-09,ORWE,Consumer,0.0,0.1111111111111111,0,27
2025-12-09,AUTO,Consumer,0.3333333333333333,0.0,9,18
2025-12-09,ETEL,Telecom,0.1780821917808219,0.0,73,0
2026-02-08,COMI,Banks,0.5,1.0,8,1
2026-02-08,ADIB,Banks,0.0,0.5555555555555556,0,9
2026-02-08,CIEB,Banks,0.0,0.5555555555555556,0,9
2026-02-08,QNBA,Banks,0.0,0.5555555555555556,0,9
2026-02-08,FAIT,Banks,0.0,0.5555555555555556,0,9
2026-02-08,TMGH,Real Estate,0.0,0.3333333333333333,0,3
2026-02-08,EMFD,Real Estate,0.0,0.3333333333333333,0,3
2026-02-08,PHDC,Real Estate,0.0,0.3333333333333333,0,3
2026-02-08,MASR,Real Estate,0.3333333333333333,0.0,3,0
2026-02-08,ORHD,Real Estate,0.0,0.3333333333333333,0,3
2026-02-08,EGAL,Basic Resources,0.0,0.0,4,0
2026-02-08,ABUK,Basic Resources,0.0,0.0,0,4
2026-02-08,MFPC,Basic Resources,0.0,0.0,0,4
2026-02-08,SIDPEC,Basic Resources,0.0,0.0,0,4
2026-02-08,ESRS,Basic Resources,0.0,0.0,0,4
2026-02-08,HRHO,Non-Bank Financials,0.0,0.0,0,0
2026-02-08,BTFH,Non-Bank Financials,0.0,0.0,0,0
2026-02-08,FWRY,Non-Bank Financials,0.0,0.0,0,0
2026-02-08,EFIH,Non-Bank Financials,0.0,0.0,0,0
2026-02-08,CIRA,Non-Bank Financials,0.0,0.0,0,0
2026-02-08,EAST,Consumer,-1.0,1.0,2,1
2026-02-08,JUFO,Consumer,0.0,-0.3333333333333333,0,3
2026-02-08,ORWE,Consumer,0.0,-0.3333333333333333,0,3
2026-02-08,AUTO,Consumer,1.0,-1.0,1,2
2026-02-08,ETEL,Telecom,0.22727272727272727,0.0,22,0
2025-12-03,COMI,Banks,0.0,1.0,8,1
2025-12-03,ADIB,Banks,0.0,0.1111111111111111,0,9
2025-12-03,CIEB,Banks,0.0,0.1111111111111111,0,9
2025-12-03,QNBA,Banks,0.0,0.1111111111111111,0,9
2025-12-03,FAIT,Banks,0.0,0.1111111111111111,0,9
2025-12-03,TMGH,Real Estate,0.0,-1.0,0,1
2025-12-03,EMFD,Real Estate,0.0,-1.0,0,1
2025-12-03,PHDC,Real Estate,0.0,-1.0,0,1
2025-12-03,MASR,Real Estate,0.0,-1.0,0,1
2025-12-03,ORHD,Real Estate,0.0,-1.0,0,1
2025-12-03,EGAL,Basic Resources,0.0,0.0,2,0
2025-12-03,ABUK,Basic Resources,0.0,0.0,0,2
2025-12-03,MFPC,Basic Resources,0.0,0.0,0,2
2025-12-03,SIDPEC,Basic Resources,0.0,0.0,0,2
2025-12-03,ESRS,Basic Resources,0.0,0.0,0,2
2025-12-03,HRHO,Non-Bank Financials,0.0,0.0,0,0
2025-12-03,BTFH,Non-Bank Financials,0.0,0.0,0,0
2025-12-03,FWRY,Non-Bank Financials,0.0,0.0,0,0
2025-12-03,EFIH,Non-Bank Financials,0.0,0.0,0,0
2025-12-03,CIRA,Non-Bank Financials,0.0,0.0,0,0
2025-12-03,EAST,Consumer,-0.6,0.5,5,2
2025-12-03,JUFO,Consumer,0.0,-0.2857142857142857,0,7
2025-12-03,ORWE,Consumer,0.0,-0.3333333333333333,1,6
2025-12-03,AUTO,Consumer,-1.0,-0.16666666666666666,1,6
2025-12-03,ETEL,Telecom,0.037037037037037035,0.0,27,0
2025-11-28,COMI,Banks,0.6666666666666666,0.5714285714285714,33,7
2025-11-28,ADIB,Banks,0.0,0.6666666666666666,1,39
2025-11-28,CIEB,Banks,0.0,0.65,0,40
2025-11-28,QNBA,Banks,0.0,0.65,0,40
2025-11-28,FAIT,Banks,0.0,0.6666666666666666,1,39
2025-11-28,TMGH,Real Estate,1.0,0.875,4,24
2025-11-28,EMFD,Real Estate,1.0,0.8888888888888888,1,27
2025-11-28,PHDC,Real Estate,1.0,0.8888888888888888,1,27
2025-11-28,MASR,Real Estate,0.5,0.9230769230769231,2,26
2025-11-28,ORHD,Real Estate,0.0,0.8928571428571429,0,28
2025-11-28,EGAL,Basic Resources,0.2222222222222222,1.0,9,1
2025-11-28,ABUK,Basic Resources,0.0,0.3,0,10
2025-11-28,MFPC,Basic Resources,0.0,0.3,0,10
2025-11-28,SIDPEC,Basic Resources,0.0,0.3,0,10
2025-11-28,ESRS,Basic Resources,1.0,0.2222222222222222,1,9
2025-11-28,HRHO,Non-Bank Financials,0.0,0.0,0,0
2025-11-28,BTFH,Non-Bank Financials,0.0,0.0,0,0
2025-11-28,FWRY,Non-Bank Financials,0.0,0.0,0,0
2025-11-28,EFIH,Non-Bank Financials,0.0,0.0,0,0
2025-11-28,CIRA,Non-Bank Financials,0.0,0.0,0,0
2025-11-28,EAST,Consumer,0.5757575757575758,0.8095238095238095,33,21
2025-11-28,JUFO,Consumer,0.0,0.6666666666666666,0,54
2025-11-28,ORWE,Consumer,0.0,0.6666666666666666,0,54
2025-11-28,AUTO,Consumer,0.9444444444444444,0.5277777777777778,18,36
2025-11-28,ETEL,Telecom,0.6666666666666666,1.0,177,1
2026-02-02,COMI,Banks,0.42857142857142855,0.0,14,0
2026-02-02,ADIB,Banks,-1.0,0.5384615384615384,1,13
2026-02-02,CIEB,Banks,0.0,0.42857142857142855,0,14
2026-02-02,QNBA,Banks,0.0,0.42857142857142855,0,14
2026-02-02,FAIT,Banks,0.0,0.42857142857142855,0,14
2026-02-02,TMGH,Real Estate,0.0,1.0,0,6
2026-02-02,EMFD,Real Estate,0.0,1.0,0,6
2026-02-02,PHDC,Real Estate,0.0,1.0,0,6
2026-02-02,MASR,Real Estate,0.0,1.0,0,6
2026-02-02,ORHD,Real Estate,0.0,1.0,0,6
2026-02-02,EGAL,Basic Resources,1.0,-1.0,2,1
2026-02-02,ABUK,Basic Resources,0.0,0.3333333333333333,0,3
2026-02-02,MFPC,Basic Resources,0.0,0.3333333333333333,0,3
2026-02-02,SIDPEC,Basic Resources,0.0,0.3333333333333333,0,3
2026-02-02,ESRS,Basic Resources,0.0,0.3333333333333333,0,3
2026-02-02,HRHO,Non-Bank Financials,0.0,0.0,0,0
2026-02-02,BTFH,Non-Bank Financials,0.0,0.0,0,0
2026-02-02,FWRY,Non-Bank Financials,0.0,0.0,0,0
2026-02-02,EFIH,Non-Bank Financials,0.0,0.0,0,0
2026-02-02,CIRA,Non-Bank Financials,0.0,0.0,0,0
2026-02-02,EAST,Consumer,-0.3684210526315789,0.4,19,10
2026-02-02,JUFO,Consumer,0.0,-0.10344827586206896,0,29
2026-02-02,ORWE,Consumer,0.0,-0.10344827586206896,0,29
2026-02-02,AUTO,Consumer,0.5555555555555556,-0.4,9,20
2026-02-02,ETEL,Telecom,0.06521739130434782,0.0,46,0
2026-02-06,COMI,Banks,-0.2857142857142857,0.0,7,3
2026-02-06,ADIB,Banks,0.0,-0.2,0,10
2026-02-06,CIEB,Banks,0.0,-0.2,0,10
2026-02-06,QNBA,Banks,0.0,-0.2,0,10
2026-02-06,FAIT,Banks,0.0,-0.2222222222222222,1,9
2026-02-06,TMGH,Real Estate,0.0,0.0,0,1
2026-02-06,EMFD,Real Estate,0.0,0.0,0,1
2026-02-06,PHDC,Real Estate,0.0,0.0,0,1
2026-02-06,MASR,Real Estate,0.0,0.0,1,0
2026-02-06,ORHD,Real Estate,0.0,0.0,0,1
2026-02-06,EGAL,Basic Resources,-0.8,0.0,5,0
2026-02-06,ABUK,Basic Resources,0.0,-0.8,0,5
2026-02-06,MFPC,Basic Resources,0.0,-0.8,0,5
2026-02-06,SIDPEC,Basic Resources,0.0,-0.8,0,5
2026-02-06,ESRS,Basic Resources,0.0,-0.8,0,5
2026-02-06,HRHO,Non-Bank Financials,0.0,0.0,0,0
2026-02-06,BTFH,Non-Bank Financials,0.0,0.0,0,0
2026-02-06,FWRY,Non-Bank Financials,0.0,0.0,0,0
2026-02-06,EFIH,Non-Bank Financials,0.0,0.0,0,0
2026-02-06,CIRA,Non-Bank Financials,0.0,0.0,0,0
2026-02-06,EAST,Consumer,0.0,-0.5555555555555556,9,9
2026-02-06,JUFO,Consumer,0.0,-0.2777777777777778,0,18
2026-02-06,ORWE,Consumer,-1.0,-0.23529411764705882,1,17
2026-02-06,AUTO,Consumer,-0.4444444444444444,-0.1111111111111111,9,9
2026-02-06,ETEL,Telecom,-0.09302325581395349,0.0,43,0
2025-12-22,COMI,Banks,-1.0,0.0,1,0
2025-12-22,ADIB,Banks,0.0,-1.0,0,1
2025-12-22,CIEB,Banks,0.0,-1.0,0,1
2025-12-22,QNBA,Banks,0.0,-1.0,0,1
2025-12-22,FAIT,Banks,0.0,-1.0,0,1
2025-12-22,TMGH,Real Estate,0.0,0.0,0,0
2025-12-22,EMFD,Real Estate,0.0,0.0,0,0
2025-12-22,PHDC,Real Estate,0.0,0.0,0,0
2025-12-22,MASR,Real Estate,0.0,0.0,0,0
2025-12-22,ORHD,Real Estate,0.0,0.0,0,0
2025-12-22,EGAL,Basic Resources,0.0,0.0,0,0
2025-12-22,ABUK,Basic Resources,0.0,0.0,0,0
2025-12-22,MFPC,Basic Resources,0.0,0.0,0,0
2025-12-22,SIDPEC,Basic Resources,0.0,0.0,0,0
2025-12-22,ESRS,Basic Resources,0.0,0.0,0,0
2025-12-22,HRHO,Non-Bank Financials,0.0,0.0,0,0
2025-12-22,BTFH,Non-Bank Financials,0.0,0.0,0,0
2025-12-22,FWRY,Non-Bank Financials,0.0,0.0,0,0
2025-12-22,EFIH,Non-Bank Financials,0.0,0.0,0,0
2025-12-22,CIRA,Non-Bank Financials,0.0,0.0,0,0
2025-12-22,EAST,Consumer,-1.0,0.0,1,0
2025-12-22,JUFO,Consumer,0.0,-1.0,0,1
2025-12-22,ORWE,Consumer,0.0,-1.0,0,1
2025-12-22,AUTO,Consumer,-1.0,0.0,1,0
2025-12-22,ETEL,Telecom,0.0,0.0,4,0
2025-12-12,COMI,Banks,-0.16666666666666666,1.0,6,1
2025-12-12,ADIB,Banks,0.0,0.0,0,7
2025-12-12,CIEB,Banks,0.0,0.0,0,7
2025-12-12,QNBA,Banks,0.0,0.0,0,7
2025-12-12,FAIT,Banks,1.0,-0.16666666666666666,1,6
2025-12-12,TMGH,Real Estate,0.0,0.0,0,2
2025-12-12,EMFD,Real Estate,0.0,0.0,0,2
2025-12-12,PHDC,Real Estate,0.0,0.0,0,2
2025-12-12,MASR,Real Estate,-1.0,1.0,1,1
2025-12-12,ORHD,Real Estate,0.0,0.0,0,2
2025-12-12,EGAL,Basic Resources,-0.2,0.0,5,0
2025-12-12,ABUK,Basic Resources,0.0,-0.2,0,5
2025-12-12,MFPC,Basic Resources,0.0,-0.2,0,5
2025-12-12,SIDPEC,Basic Resources,0.0,-0.2,0,5
2025-12-12,ESRS,Basic Resources,0.0,-0.2,0,5
2025-12-12,HRHO,Non-Bank Financials,0.0,0.0,0,0
2025-12-12,BTFH,Non-Bank Financials,0.0,0.0,0,0
2025-12-12,FWRY,Non-Bank Financials,0.0,0.0,0,0
2025-12-12,EFIH,Non-Bank Financials,0.0,0.0,0,0
2025-12-12,CIRA,Non-Bank Financials,0.0,0.0,0,0
2025-12-12,EAST,Consumer,-0.75,-0.5,12,2
2025-12-12,JUFO,Consumer,0.0,-0.7142857142857143,0,14
2025-12-12,ORWE,Consumer,-1.0,-0.6666666666666666,2,12
2025-12-12,AUTO,Consumer,-1.0,-0.6923076923076923,1,13
2025-12-12,ETEL,Telecom,-0.16666666666666666,0.0,36,0
2025-11-26,COMI,Banks,0.0,0.0,0,0
2025-11-26,ADIB,Banks,0.0,0.0,0,0
2025-11-26,CIEB,Banks,0.0,0.0,0,0
2025-11-26,QNBA,Banks,0.0,0.0,0,0
2025-11-26,FAIT,Banks,0.0,0.0,0,0
2025-11-26,TMGH,Real Estate,0.0,0.0,0,0
2025-11-26,EMFD,Real Estate,0.0,0.0,0,0
2025-11-26,PHDC,Real Estate,0.0,0.0,0,0
2025-11-26,MASR,Real Estate,0.0,0.0,0,0
2025-11-26,ORHD,Real Estate,0.0,0.0,0,0
2025-11-26,EGAL,Basic Resources,0.0,0.0,0,0
2025-11-26,ABUK,Basic Resources,0.0,0.0,0,0
2025-11-26,MFPC,Basic Resources,0.0,0.0,0,0
2025-11-26,SIDPEC,Basic Resources,0.0,0.0,0,0
2025-11-26,ESRS,Basic Resources,0.0,0.0,0,0
2025-11-26,HRHO,Non-Bank Financials,0.0,0.0,0,0
2025-11-26,BTFH,Non-Bank Financials,0.0,0.0,0,0
2025-11-26,FWRY,Non-Bank Financials,0.0,0.0,0,0
2025-11-26,EFIH,Non-Bank Financials,0.0,0.0,0,0
2025-11-26,CIRA,Non-Bank Financials,0.0,0.0,0,0
2025-11-26,EAST,Consumer,0.0,0.0,0,0
2025-11-26,JUFO,Consumer,0.0,0.0,0,0
2025-11-26,ORWE,Consumer,0.0,0.0,0,0
2025-11-26,AUTO,Consumer,0.0,0.0,0,0
2025-11-26,ETEL,Telecom,0.3333333333333333,0.0,3,0
2025-11-25,COMI,Banks,0.0,0.0,0,0
2025-11-25,ADIB,Banks,0.0,0.0,0,0
2025-11-25,CIEB,Banks,0.0,0.0,0,0
2025-11-25,QNBA,Banks,0.0,0.0,0,0
2025-11-25,FAIT,Banks,0.0,0.0,0,0
2025-11-25,TMGH,Real Estate,0.0,1.0,0,1
2025-11-25,EMFD,Real Estate,0.0,1.0,0,1
2025-11-25,PHDC,Real Estate,0.0,1.0,0,1
2025-11-25,MASR,Real Estate,1.0,0.0,1,0
2025-11-25,ORHD,Real Estate,0.0,1.0,0,1
2025-11-25,EGAL,Basic Resources,0.0,0.0,0,0
2025-11-25,ABUK,Basic Resources,0.0,0.0,0,0
2025-11-25,MFPC,Basic Resources,0.0,0.0,0,0
2025-11-25,SIDPEC,Basic Resources,0.0,0.0,0,0
2025-11-25,ESRS,Basic Resources,0.0,0.0,0,0
2025-11-25,HRHO,Non-Bank Financials,0.0,0.0,0,0
2025-11-25,BTFH,Non-Bank Financials,0.0,0.0,0,0
2025-11-25,FWRY,Non-Bank Financials,0.0,0.0,0,0
2025-11-25,EFIH,Non-Bank Financials,0.0,0.0,0,0
2025-11-25,CIRA,Non-Bank Financials,0.0,0.0,0,0
2025-11-25,EAST,Consumer,0.0,0.0,2,0
2025-11-25,JUFO,Consumer,0.0,0.0,0,2
2025-11-25,ORWE,Consumer,0.0,0.0,0,2
2025-11-25,AUTO,Consumer,0.0,0.0,0,2
2025-11-25,ETEL,Telecom,0.0,0.0,5,0
